-- ========================================================================
-- Opticedge Credit — bulk reference data (MySQL 8+)
-- Majina halisi ya brands/models (specs za soko) + maduka ya demo Tanzania.
-- ========================================================================
-- Kabla: php artisan migrate && php artisan db:seed --class=RolesAndPermissionsSeeder
-- Import: mysql -u USER -p DATABASE < database/sql/oe_bulk_reference_data.sql
--
-- Ikiwa brands/slugs tayari zipo (mf. Samsung), futa rekodi za majaribito au
-- badilisha slugs kwenye generate_oe_bulk_reference_data.php kisha zalisha upya.
--
-- Users: INSERT ... ON DUPLICATE KEY UPDATE (barua pepe / employee_code) —
--   unaweza ku-import tena bila #1062 duplicate email.
--
-- Nenosiri: Opticedge@2026 (admins 3), DealerOwner@2026 (owners 15).
-- Regenerate: php database/sql/generate_oe_bulk_reference_data.php
-- ========================================================================

SET NAMES utf8mb4;
SET FOREIGN_KEY_CHECKS=0;

-- ---------------------------------------------------------------- dealers
INSERT INTO `dealers` (`id`, `owner_user_id`, `name`, `code`, `phone`, `email`, `address`, `tin_number`, `commission_rate`, `status`, `created_at`, `updated_at`, `deleted_at`) VALUES
('71d9d8a0-0001-4000-8000-000000000001',NULL,'Simu Kitaa Express','DMO-TZ-001','+255 762 100 001','simu.kitaa.kinondoni@merchant.opticedgecredity.com','Kinondoni, Dar es Salaam — Msikiti Mwaungani','177700000000001','2.50','active','2026-04-25 00:17:54','2026-04-25 00:17:54',NULL),
('71d9d8a0-0002-4000-8000-000000000002',NULL,'Mawasiliano Plaza','DMO-TZ-002','+255 762 100 002','mawasiliano.plaza@merchant.opticedgecredity.com','Ubungo Riverside, Dar es Salaam','177700000000002','2.50','active','2026-04-25 00:17:54','2026-04-25 00:17:54',NULL),
('71d9d8a0-0003-4000-8000-000000000003',NULL,'Simu Smart Temeke','DMO-TZ-003','+255 762 100 003','simu.smart.temeke@merchant.opticedgecredity.com','Temeke Mwisho, karibu na stendi','177700000000003','2.50','active','2026-04-25 00:17:54','2026-04-25 00:17:54',NULL),
('71d9d8a0-0004-4000-8000-000000000004',NULL,'Agakuki Mobile World','DMO-TZ-004','+255 762 100 004','agakuki.mobile@merchant.opticedgecredity.com','Mwenge, Morocco','177700000000004','2.50','active','2026-04-25 00:17:54','2026-04-25 00:17:54',NULL),
('71d9d8a0-0005-4000-8000-000000000005',NULL,'Karibu Simu Shop','DMO-TZ-005','+255 762 100 005','karibu.simu.posta@merchant.opticedgecredity.com','Posta Mpya, Kariakoo','177700000000005','2.50','active','2026-04-25 00:17:54','2026-04-25 00:17:54',NULL),
('71d9d8a0-0006-4000-8000-000000000006',NULL,'Pembeni Tech Corner','DMO-TZ-006','+255 762 100 006','pembeni.tech@merchant.opticedgecredity.com','Masaki, Slipway','177700000000006','2.50','active','2026-04-25 00:17:54','2026-04-25 00:17:54',NULL),
('71d9d8a0-0007-4000-8000-000000000007',NULL,'Dar Fast Mobile','DMO-TZ-007','+255 762 100 007','dar.fast.mobile@merchant.opticedgecredity.com','Kariakoo Aggrey na Likoma','177700000000007','2.50','active','2026-04-25 00:17:54','2026-04-25 00:17:54',NULL),
('71d9d8a0-0008-4000-8000-000000000008',NULL,'Nuru Communications','DMO-TZ-008','+255 762 100 008','nuru.comms@merchant.opticedgecredity.com','Magomeni Mapipa','177700000000008','2.50','active','2026-04-25 00:17:54','2026-04-25 00:17:54',NULL),
('71d9d8a0-0009-4000-8000-000000000009',NULL,'Twiga Phones Mikocheni','DMO-TZ-009','+255 762 100 009','twiga.phones@merchant.opticedgecredity.com','Mikocheni A, Ali Hassan Mwinyi Road','177700000000009','2.50','active','2026-04-25 00:17:54','2026-04-25 00:17:54',NULL),
('71d9d8a0-000a-4000-8000-00000000000a',NULL,'Bahari Electronics','DMO-TZ-010','+255 762 100 010','bahari.electronics@merchant.opticedgecredity.com','Msasani, Slipway','177700000000010','2.50','active','2026-04-25 00:17:54','2026-04-25 00:17:54',NULL),
('71d9d8a0-000b-4000-8000-00000000000b',NULL,'Jua Kali Mobile Chanika','DMO-TZ-011','+255 762 100 011','jua.kali.chanika@merchant.opticedgecredity.com','Chanika, Ilala','177700000000011','2.50','active','2026-04-25 00:17:54','2026-04-25 00:17:54',NULL),
('71d9d8a0-000c-4000-8000-00000000000c',NULL,'Mlimani Phone Hub','DMO-TZ-012','+255 762 100 012','mlimani.hub@merchant.opticedgecredity.com','Mlimani City, Ubungo','177700000000012','2.50','active','2026-04-25 00:17:54','2026-04-25 00:17:54',NULL),
('71d9d8a0-000d-4000-8000-00000000000d',NULL,'Simu Bora Kijitonyama','DMO-TZ-013','+255 762 100 013','simu.bora.kijitonyama@merchant.opticedgecredity.com','Kijitonyama, Ali Hassan Mwinyi','177700000000013','2.50','active','2026-04-25 00:17:54','2026-04-25 00:17:54',NULL),
('71d9d8a0-000e-4000-8000-00000000000e',NULL,'Makumbusho Mobile Centre','DMO-TZ-014','+255 762 100 014','makumbusho.mobile@merchant.opticedgecredity.com','Kijichi, Makumbusho','177700000000014','2.50','active','2026-04-25 00:17:54','2026-04-25 00:17:54',NULL),
('71d9d8a0-000f-4000-8000-00000000000f',NULL,'Vikokotoni Digital Store','DMO-TZ-015','+255 762 100 015','vikokotoni.digital@merchant.opticedgecredity.com','Stone Town, Zanzibar','177700000000015','2.50','active','2026-04-25 00:17:54','2026-04-25 00:17:54',NULL);

-- ---------------------------------------------------------------- brands
INSERT INTO `brands` (`id`, `name`, `slug`, `logo_url`, `is_active`, `created_at`, `updated_at`) VALUES
('72d9d8a0-0001-4000-8000-000000000065','Samsung','samsung',NULL,1,'2026-04-25 00:17:54','2026-04-25 00:17:54'),
('72d9d8a0-0002-4000-8000-000000000066','Tecno','tecno',NULL,1,'2026-04-25 00:17:54','2026-04-25 00:17:54'),
('72d9d8a0-0003-4000-8000-000000000067','Infinix','infinix',NULL,1,'2026-04-25 00:17:54','2026-04-25 00:17:54'),
('72d9d8a0-0004-4000-8000-000000000068','Itel','itel',NULL,1,'2026-04-25 00:17:54','2026-04-25 00:17:54'),
('72d9d8a0-0005-4000-8000-000000000069','Oppo','oppo',NULL,1,'2026-04-25 00:17:54','2026-04-25 00:17:54'),
('72d9d8a0-0006-4000-8000-00000000006a','Vivo','vivo',NULL,1,'2026-04-25 00:17:54','2026-04-25 00:17:54'),
('72d9d8a0-0007-4000-8000-00000000006b','Xiaomi','xiaomi',NULL,1,'2026-04-25 00:17:54','2026-04-25 00:17:54'),
('72d9d8a0-0008-4000-8000-00000000006c','Realme','realme',NULL,1,'2026-04-25 00:17:54','2026-04-25 00:17:54'),
('72d9d8a0-0009-4000-8000-00000000006d','Nokia','nokia',NULL,1,'2026-04-25 00:17:54','2026-04-25 00:17:54'),
('72d9d8a0-000a-4000-8000-00000000006e','Huawei','huawei',NULL,1,'2026-04-25 00:17:54','2026-04-25 00:17:54');

-- ---------------------------------------------------------------- phone_models
INSERT INTO `phone_models` (`id`, `brand_id`, `name`, `slug`, `retail_price`, `cost_price`, `specifications`, `is_active`, `created_at`, `updated_at`) VALUES
('73d9d8a0-0001-4000-8000-0000000003e9','72d9d8a0-0001-4000-8000-000000000065','Galaxy A06 (6/128)','samsung-galaxy-a06-6-128','429000.00','352000.00','{"ram":"6GB","storage":"128GB","color":"Light Blue","display":"6.7\\" HD+"}',1,'2026-04-25 00:17:54','2026-04-25 00:17:54'),
('73d9d8a0-0002-4000-8000-0000000003ea','72d9d8a0-0001-4000-8000-000000000065','Galaxy A15 (6/128)','samsung-galaxy-a15-6-128','549000.00','450000.00','{"ram":"6GB","storage":"128GB","color":"Blue Black","display":"6.5\\" FHD+ Super AMOLED"}',1,'2026-04-25 00:17:54','2026-04-25 00:17:54'),
('73d9d8a0-0003-4000-8000-0000000003eb','72d9d8a0-0001-4000-8000-000000000065','Galaxy A16 (6/128)','samsung-galaxy-a16-6-128','489000.00','401000.00','{"ram":"6GB","storage":"128GB","color":"Gray","display":"6.7\\" FHD+"}',1,'2026-04-25 00:17:54','2026-04-25 00:17:54'),
('73d9d8a0-0004-4000-8000-0000000003ec','72d9d8a0-0001-4000-8000-000000000065','Galaxy A25 5G (8/256)','samsung-galaxy-a25-5g-8-256','799000.00','655000.00','{"ram":"8GB","storage":"256GB","color":"Blue","display":"6.5\\" FHD+ 120Hz"}',1,'2026-04-25 00:17:54','2026-04-25 00:17:54'),
('73d9d8a0-0005-4000-8000-0000000003ed','72d9d8a0-0001-4000-8000-000000000065','Galaxy A35 5G (8/256)','samsung-galaxy-a35-5g-8-256','989000.00','811000.00','{"ram":"8GB","storage":"256GB","color":"Awesome Lilac","display":"6.6\\" FHD+ 120Hz"}',1,'2026-04-25 00:17:54','2026-04-25 00:17:54'),
('73d9d8a0-0006-4000-8000-0000000003ee','72d9d8a0-0001-4000-8000-000000000065','Galaxy A55 5G (8/256)','samsung-galaxy-a55-5g-8-256','1249000.00','1024000.00','{"ram":"8GB","storage":"256GB","color":"Awesome Navy","display":"6.6\\" FHD+ 120Hz"}',1,'2026-04-25 00:17:54','2026-04-25 00:17:54'),
('73d9d8a0-0007-4000-8000-0000000003ef','72d9d8a0-0001-4000-8000-000000000065','Galaxy A05 (4/64)','samsung-galaxy-a05-4-64','299000.00','245000.00','{"ram":"4GB","storage":"64GB","color":"Silver","display":"6.7\\" PLS LCD"}',1,'2026-04-25 00:17:54','2026-04-25 00:17:54'),
('73d9d8a0-0008-4000-8000-0000000003f0','72d9d8a0-0001-4000-8000-000000000065','Galaxy A05s (6/128)','samsung-galaxy-a05s-6-128','379000.00','311000.00','{"ram":"6GB","storage":"128GB","color":"Green","display":"6.7\\" FHD+"}',1,'2026-04-25 00:17:54','2026-04-25 00:17:54'),
('73d9d8a0-0009-4000-8000-0000000003f1','72d9d8a0-0001-4000-8000-000000000065','Galaxy M14 5G (6/128)','samsung-galaxy-m14-5g-6-128','559000.00','458000.00','{"ram":"6GB","storage":"128GB","color":"Dark Blue","display":"6.6\\" FHD+"}',1,'2026-04-25 00:17:54','2026-04-25 00:17:54'),
('73d9d8a0-000a-4000-8000-0000000003f2','72d9d8a0-0001-4000-8000-000000000065','Galaxy M34 5G (8/256)','samsung-galaxy-m34-5g-8-256','729000.00','598000.00','{"ram":"8GB","storage":"256GB","color":"Midnight Blue","display":"6.5\\" FHD+ 120Hz"}',1,'2026-04-25 00:17:54','2026-04-25 00:17:54'),
('73d9d8a0-000b-4000-8000-0000000003f3','72d9d8a0-0001-4000-8000-000000000065','Galaxy A14 (4/128)','samsung-galaxy-a14-4-128','419000.00','343000.00','{"ram":"4GB","storage":"128GB","color":"Black","display":"6.6\\" FHD+"}',1,'2026-04-25 00:17:54','2026-04-25 00:17:54'),
('73d9d8a0-000c-4000-8000-0000000003f4','72d9d8a0-0001-4000-8000-000000000065','Galaxy A24 (6/128)','samsung-galaxy-a24-6-128','519000.00','426000.00','{"ram":"6GB","storage":"128GB","color":"Awesome Graphite","display":"6.5\\" FHD+ Super AMOLED"}',1,'2026-04-25 00:17:54','2026-04-25 00:17:54'),
('73d9d8a0-000d-4000-8000-0000000003f5','72d9d8a0-0001-4000-8000-000000000065','Galaxy A34 5G (8/256)','samsung-galaxy-a34-5g-8-256','879000.00','721000.00','{"ram":"8GB","storage":"256GB","color":"Awesome Violet","display":"6.6\\" FHD+ 120Hz"}',1,'2026-04-25 00:17:54','2026-04-25 00:17:54'),
('73d9d8a0-000e-4000-8000-0000000003f6','72d9d8a0-0001-4000-8000-000000000065','Galaxy A54 5G (8/256)','samsung-galaxy-a54-5g-8-256','1099000.00','901000.00','{"ram":"8GB","storage":"256GB","color":"Awesome Lime","display":"6.4\\" FHD+ 120Hz"}',1,'2026-04-25 00:17:54','2026-04-25 00:17:54'),
('73d9d8a0-000f-4000-8000-0000000003f7','72d9d8a0-0001-4000-8000-000000000065','Galaxy S23 FE (8/256)','samsung-galaxy-s23-fe-8-256','1899000.00','1557000.00','{"ram":"8GB","storage":"256GB","color":"Mint","display":"6.4\\" Dynamic AMOLED 2X"}',1,'2026-04-25 00:17:54','2026-04-25 00:17:54'),
('73d9d8a0-0010-4000-8000-0000000003f8','72d9d8a0-0002-4000-8000-000000000066','Spark 20 (8/256)','tecno-spark-20-8-256','459000.00','376000.00','{"ram":"8GB","storage":"256GB","color":"Cyber White","display":"6.6\\" HD+ 90Hz"}',1,'2026-04-25 00:17:54','2026-04-25 00:17:54'),
('73d9d8a0-0011-4000-8000-0000000003f9','72d9d8a0-0002-4000-8000-000000000066','Spark 20C (8/128)','tecno-spark-20c-8-128','389000.00','319000.00','{"ram":"8GB","storage":"128GB","color":"Alpenglow Gold","display":"6.6\\" HD+ 90Hz"}',1,'2026-04-25 00:17:54','2026-04-25 00:17:54'),
('73d9d8a0-0012-4000-8000-0000000003fa','72d9d8a0-0002-4000-8000-000000000066','Spark 20 Pro (8/256)','tecno-spark-20-pro-8-256','599000.00','491000.00','{"ram":"8GB","storage":"256GB","color":"Moonlit Black","display":"6.78\\" FHD+ 120Hz"}',1,'2026-04-25 00:17:54','2026-04-25 00:17:54'),
('73d9d8a0-0013-4000-8000-0000000003fb','72d9d8a0-0002-4000-8000-000000000066','Camon 30 (8/256)','tecno-camon-30-8-256','849000.00','696000.00','{"ram":"8GB","storage":"256GB","color":"Iceland Basaltic Grey","display":"6.78\\" AMOLED 120Hz"}',1,'2026-04-25 00:17:54','2026-04-25 00:17:54'),
('73d9d8a0-0014-4000-8000-0000000003fc','72d9d8a0-0002-4000-8000-000000000066','Camon 30 Pro (12/512)','tecno-camon-30-pro-12-512','1249000.00','1024000.00','{"ram":"12GB","storage":"512GB","color":"Alpine Snow","display":"6.78\\" AMOLED 144Hz"}',1,'2026-04-25 00:17:54','2026-04-25 00:17:54'),
('73d9d8a0-0015-4000-8000-0000000003fd','72d9d8a0-0002-4000-8000-000000000066','Pova 6 (12/256)','tecno-pova-6-12-256','679000.00','557000.00','{"ram":"12GB","storage":"256GB","color":"Comet Green","display":"6.78\\" FHD+ 120Hz"}',1,'2026-04-25 00:17:54','2026-04-25 00:17:54'),
('73d9d8a0-0016-4000-8000-0000000003fe','72d9d8a0-0002-4000-8000-000000000066','Pova 6 Neo (8/256)','tecno-pova-6-neo-8-256','549000.00','450000.00','{"ram":"8GB","storage":"256GB","color":"Rising Tide","display":"6.78\\" HD+"}',1,'2026-04-25 00:17:54','2026-04-25 00:17:54'),
('73d9d8a0-0017-4000-8000-0000000003ff','72d9d8a0-0002-4000-8000-000000000066','Spark Go 2024 (4/128)','tecno-spark-go-2024-4-128','329000.00','270000.00','{"ram":"4GB","storage":"128GB","color":"Mystery White","display":"6.56\\" HD+"}',1,'2026-04-25 00:17:54','2026-04-25 00:17:54'),
('73d9d8a0-0018-4000-8000-000000000400','72d9d8a0-0002-4000-8000-000000000066','Pop 8 (4/128)','tecno-pop-8-4-128','279000.00','229000.00','{"ram":"4GB","storage":"128GB","color":"Mystery Black","display":"6.6\\" HD+"}',1,'2026-04-25 00:17:54','2026-04-25 00:17:54'),
('73d9d8a0-0019-4000-8000-000000000401','72d9d8a0-0002-4000-8000-000000000066','Spark 10 (8/256)','tecno-spark-10-8-256','429000.00','352000.00','{"ram":"8GB","storage":"256GB","color":"Meta Black","display":"6.6\\" HD+ 90Hz"}',1,'2026-04-25 00:17:54','2026-04-25 00:17:54'),
('73d9d8a0-001a-4000-8000-000000000402','72d9d8a0-0002-4000-8000-000000000066','Spark 10 Pro (8/256)','tecno-spark-10-pro-8-256','519000.00','426000.00','{"ram":"8GB","storage":"256GB","color":"Starry Black","display":"6.8\\" FHD+"}',1,'2026-04-25 00:17:54','2026-04-25 00:17:54'),
('73d9d8a0-001b-4000-8000-000000000403','72d9d8a0-0002-4000-8000-000000000066','Phantom X2 (8/256)','tecno-phantom-x2-8-256','1599000.00','1311000.00','{"ram":"8GB","storage":"256GB","color":"Stardust Gray","display":"6.8\\" Curved AMOLED"}',1,'2026-04-25 00:17:54','2026-04-25 00:17:54'),
('73d9d8a0-001c-4000-8000-000000000404','72d9d8a0-0002-4000-8000-000000000066','Spark 8C (4/64)','tecno-spark-8c-4-64','259000.00','212000.00','{"ram":"4GB","storage":"64GB","color":"Turquoise","display":"6.52\\" HD+"}',1,'2026-04-25 00:17:54','2026-04-25 00:17:54'),
('73d9d8a0-001d-4000-8000-000000000405','72d9d8a0-0002-4000-8000-000000000066','Camon 20 Pro (8/256)','tecno-camon-20-pro-8-256','729000.00','598000.00','{"ram":"8GB","storage":"256GB","color":"Serenity Blue","display":"6.67\\" FHD+ AMOLED"}',1,'2026-04-25 00:17:54','2026-04-25 00:17:54'),
('73d9d8a0-001e-4000-8000-000000000406','72d9d8a0-0002-4000-8000-000000000066','Pova 5 Pro (8/256)','tecno-pova-5-pro-8-256','629000.00','516000.00','{"ram":"8GB","storage":"256GB","color":"Dark Illusion","display":"6.78\\" FHD+ 120Hz"}',1,'2026-04-25 00:17:54','2026-04-25 00:17:54'),
('73d9d8a0-001f-4000-8000-000000000407','72d9d8a0-0003-4000-8000-000000000067','Hot 40i (8/256)','infinix-hot-40i-8-256','449000.00','368000.00','{"ram":"8GB","storage":"256GB","color":"Palm Blue","display":"6.56\\" HD+ 90Hz"}',1,'2026-04-25 00:17:54','2026-04-25 00:17:54'),
('73d9d8a0-0020-4000-8000-000000000408','72d9d8a0-0003-4000-8000-000000000067','Hot 40 (8/256)','infinix-hot-40-8-256','529000.00','434000.00','{"ram":"8GB","storage":"256GB","color":"Starlit Black","display":"6.78\\" FHD+ 120Hz"}',1,'2026-04-25 00:17:54','2026-04-25 00:17:54'),
('73d9d8a0-0021-4000-8000-000000000409','72d9d8a0-0003-4000-8000-000000000067','Hot 40 Pro (8/256)','infinix-hot-40-pro-8-256','649000.00','532000.00','{"ram":"8GB","storage":"256GB","color":"Titan Gold","display":"6.78\\" FHD+ 120Hz"}',1,'2026-04-25 00:17:54','2026-04-25 00:17:54'),
('73d9d8a0-0022-4000-8000-00000000040a','72d9d8a0-0003-4000-8000-000000000067','Note 40 (8/256)','infinix-note-40-8-256','799000.00','655000.00','{"ram":"8GB","storage":"256GB","color":"Vintage Green","display":"6.78\\" FHD+ AMOLED 120Hz"}',1,'2026-04-25 00:17:54','2026-04-25 00:17:54'),
('73d9d8a0-0023-4000-8000-00000000040b','72d9d8a0-0003-4000-8000-000000000067','Note 40 Pro (12/512)','infinix-note-40-pro-12-512','1149000.00','942000.00','{"ram":"12GB","storage":"512GB","color":"Obsidian Black","display":"6.78\\" AMOLED 120Hz"}',1,'2026-04-25 00:17:54','2026-04-25 00:17:54'),
('73d9d8a0-0024-4000-8000-00000000040c','72d9d8a0-0003-4000-8000-000000000067','Smart 8 (4/128)','infinix-smart-8-4-128','319000.00','262000.00','{"ram":"4GB","storage":"128GB","color":"Timber Black","display":"6.6\\" HD+"}',1,'2026-04-25 00:17:54','2026-04-25 00:17:54'),
('73d9d8a0-0025-4000-8000-00000000040d','72d9d8a0-0003-4000-8000-000000000067','Smart 8 Plus (4/128)','infinix-smart-8-plus-4-128','349000.00','286000.00','{"ram":"4GB","storage":"128GB","color":"Galaxy White","display":"6.6\\" HD+"}',1,'2026-04-25 00:17:54','2026-04-25 00:17:54'),
('73d9d8a0-0026-4000-8000-00000000040e','72d9d8a0-0003-4000-8000-000000000067','Hot 30 (8/256)','infinix-hot-30-8-256','479000.00','393000.00','{"ram":"8GB","storage":"256GB","color":"Boring Black","display":"6.78\\" FHD+ 90Hz"}',1,'2026-04-25 00:17:54','2026-04-25 00:17:54'),
('73d9d8a0-0027-4000-8000-00000000040f','72d9d8a0-0003-4000-8000-000000000067','Hot 30 Play (8/128)','infinix-hot-30-play-8-128','399000.00','327000.00','{"ram":"8GB","storage":"128GB","color":"Lime","display":"6.82\\" HD+"}',1,'2026-04-25 00:17:54','2026-04-25 00:17:54'),
('73d9d8a0-0028-4000-8000-000000000410','72d9d8a0-0003-4000-8000-000000000067','Note 30 (8/256)','infinix-note-30-8-256','689000.00','565000.00','{"ram":"8GB","storage":"256GB","color":"Magic Black","display":"6.78\\" FHD+"}',1,'2026-04-25 00:17:54','2026-04-25 00:17:54'),
('73d9d8a0-0029-4000-8000-000000000411','72d9d8a0-0003-4000-8000-000000000067','Note 30 VIP (12/256)','infinix-note-30-vip-12-256','949000.00','778000.00','{"ram":"12GB","storage":"256GB","color":"Sunset Gold","display":"6.67\\" AMOLED"}',1,'2026-04-25 00:17:54','2026-04-25 00:17:54'),
('73d9d8a0-002a-4000-8000-000000000412','72d9d8a0-0003-4000-8000-000000000067','GT 10 Pro (8/256)','infinix-gt-10-pro-8-256','899000.00','737000.00','{"ram":"8GB","storage":"256GB","color":"Cyber Black","display":"6.67\\" FHD+ 120Hz"}',1,'2026-04-25 00:17:54','2026-04-25 00:17:54'),
('73d9d8a0-002b-4000-8000-000000000413','72d9d8a0-0003-4000-8000-000000000067','Hot 20 (6/128)','infinix-hot-20-6-128','369000.00','303000.00','{"ram":"6GB","storage":"128GB","color":"Racing Black","display":"6.82\\" HD+"}',1,'2026-04-25 00:17:54','2026-04-25 00:17:54'),
('73d9d8a0-002c-4000-8000-000000000414','72d9d8a0-0003-4000-8000-000000000067','Hot 20s (8/128)','infinix-hot-20s-8-128','419000.00','344000.00','{"ram":"8GB","storage":"128GB","color":"Tempo Blue","display":"6.82\\" HD+"}',1,'2026-04-25 00:17:54','2026-04-25 00:17:54'),
('73d9d8a0-002d-4000-8000-000000000415','72d9d8a0-0003-4000-8000-000000000067','Zero 30 (8/256)','infinix-zero-30-8-256','999000.00','819000.00','{"ram":"8GB","storage":"256GB","color":"Rome Green","display":"6.78\\" AMOLED 144Hz"}',1,'2026-04-25 00:17:54','2026-04-25 00:17:54'),
('73d9d8a0-002e-4000-8000-000000000416','72d9d8a0-0004-4000-8000-000000000068','A50 (4/128)','itel-a50-4-128','289000.00','237000.00','{"ram":"4GB","storage":"128GB","color":"Meadow Green","display":"6.6\\" HD+"}',1,'2026-04-25 00:17:54','2026-04-25 00:17:54'),
('73d9d8a0-002f-4000-8000-000000000417','72d9d8a0-0004-4000-8000-000000000068','A70 (8/256)','itel-a70-8-256','379000.00','311000.00','{"ram":"8GB","storage":"256GB","color":"Field Green","display":"6.6\\" HD+"}',1,'2026-04-25 00:17:54','2026-04-25 00:17:54'),
('73d9d8a0-0030-4000-8000-000000000418','72d9d8a0-0004-4000-8000-000000000068','Vision 3 (4/128)','itel-vision-3-4-128','319000.00','262000.00','{"ram":"4GB","storage":"128GB","color":"Jewelry Blue","display":"6.6\\" HD+"}',1,'2026-04-25 00:17:54','2026-04-25 00:17:54'),
('73d9d8a0-0031-4000-8000-000000000419','72d9d8a0-0004-4000-8000-000000000068','Vision 5 (8/128)','itel-vision-5-8-128','359000.00','294000.00','{"ram":"8GB","storage":"128GB","color":"Crystal Blue","display":"6.6\\" HD+"}',1,'2026-04-25 00:17:54','2026-04-25 00:17:54'),
('73d9d8a0-0032-4000-8000-00000000041a','72d9d8a0-0004-4000-8000-000000000068','P55 (8/256)','itel-p55-8-256','429000.00','352000.00','{"ram":"8GB","storage":"256GB","color":"Brilliant Gold","display":"6.6\\" HD+"}',1,'2026-04-25 00:17:54','2026-04-25 00:17:54'),
('73d9d8a0-0033-4000-8000-00000000041b','72d9d8a0-0004-4000-8000-000000000068','P55+ (8/128)','itel-p55-plus-8-128','399000.00','327000.00','{"ram":"8GB","storage":"128GB","color":"Royal Green","display":"6.6\\" HD+"}',1,'2026-04-25 00:17:54','2026-04-25 00:17:54'),
('73d9d8a0-0034-4000-8000-00000000041c','72d9d8a0-0004-4000-8000-000000000068','A90 (8/256)','itel-a90-8-256','459000.00','376000.00','{"ram":"8GB","storage":"256GB","color":"Starry Black","display":"6.6\\" HD+"}',1,'2026-04-25 00:17:54','2026-04-25 00:17:54'),
('73d9d8a0-0035-4000-8000-00000000041d','72d9d8a0-0004-4000-8000-000000000068','S23 (4/128)','itel-s23-4-128','349000.00','286000.00','{"ram":"4GB","storage":"128GB","color":"Stone White","display":"6.6\\" HD+"}',1,'2026-04-25 00:17:54','2026-04-25 00:17:54'),
('73d9d8a0-0036-4000-8000-00000000041e','72d9d8a0-0004-4000-8000-000000000068','A60 (4/128)','itel-a60-4-128','269000.00','221000.00','{"ram":"4GB","storage":"128GB","color":"Shadow Black","display":"6.6\\" HD+"}',1,'2026-04-25 00:17:54','2026-04-25 00:17:54'),
('73d9d8a0-0037-4000-8000-00000000041f','72d9d8a0-0004-4000-8000-000000000068','A40 (4/64)','itel-a40-4-64','229000.00','188000.00','{"ram":"4GB","storage":"64GB","color":"Blue","display":"6.3\\" FWVGA"}',1,'2026-04-25 00:17:54','2026-04-25 00:17:54'),
('73d9d8a0-0038-4000-8000-000000000420','72d9d8a0-0004-4000-8000-000000000068','P65 (8/256)','itel-p65-8-256','489000.00','401000.00','{"ram":"8GB","storage":"256GB","color":"Titanium Silver","display":"6.7\\" HD+"}',1,'2026-04-25 00:17:54','2026-04-25 00:17:54'),
('73d9d8a0-0039-4000-8000-000000000421','72d9d8a0-0004-4000-8000-000000000068','Vision 2S (4/64)','itel-vision-2s-4-64','249000.00','204000.00','{"ram":"4GB","storage":"64GB","color":"Gradation Blue","display":"6.52\\" HD+"}',1,'2026-04-25 00:17:54','2026-04-25 00:17:54'),
('73d9d8a0-003a-4000-8000-000000000422','72d9d8a0-0004-4000-8000-000000000068','A05s (4/64)','itel-a05s-4-64','219000.00','180000.00','{"ram":"4GB","storage":"64GB","color":"Crystal Blue","display":"6.6\\" HD+"}',1,'2026-04-25 00:17:54','2026-04-25 00:17:54'),
('73d9d8a0-003b-4000-8000-000000000423','72d9d8a0-0004-4000-8000-000000000068','P55 Max (8/256)','itel-p55-max-8-256','459000.00','376000.00','{"ram":"8GB","storage":"256GB","color":"Aurora Green","display":"6.6\\" HD+"}',1,'2026-04-25 00:17:54','2026-04-25 00:17:54'),
('73d9d8a0-003c-4000-8000-000000000424','72d9d8a0-0004-4000-8000-000000000068','Super 25 (4/128)','itel-super-25-4-128','349000.00','286000.00','{"ram":"4GB","storage":"128GB","color":"Alpine Blue","display":"6.6\\" HD+"}',1,'2026-04-25 00:17:54','2026-04-25 00:17:54'),
('73d9d8a0-003d-4000-8000-000000000425','72d9d8a0-0005-4000-8000-000000000069','Reno 11 5G (12/256)','oppo-reno-11-5g-12-256','1349000.00','1106000.00','{"ram":"12GB","storage":"256GB","color":"Wave Green","display":"6.7\\" AMOLED 120Hz"}',1,'2026-04-25 00:17:54','2026-04-25 00:17:54'),
('73d9d8a0-003e-4000-8000-000000000426','72d9d8a0-0005-4000-8000-000000000069','Reno 10 5G (8/256)','oppo-reno-10-5g-8-256','1099000.00','901000.00','{"ram":"8GB","storage":"256GB","color":"Silvery Grey","display":"6.7\\" AMOLED 120Hz"}',1,'2026-04-25 00:17:54','2026-04-25 00:17:54'),
('73d9d8a0-003f-4000-8000-000000000427','72d9d8a0-0005-4000-8000-000000000069','A18 (4/128)','oppo-a18-4-128','399000.00','327000.00','{"ram":"4GB","storage":"128GB","color":"Glowing Black","display":"6.56\\" HD+"}',1,'2026-04-25 00:17:54','2026-04-25 00:17:54'),
('73d9d8a0-0040-4000-8000-000000000428','72d9d8a0-0005-4000-8000-000000000069','A38 (6/128)','oppo-a38-6-128','479000.00','393000.00','{"ram":"6GB","storage":"128GB","color":"Glowing Gold","display":"6.56\\" HD+"}',1,'2026-04-25 00:17:54','2026-04-25 00:17:54'),
('73d9d8a0-0041-4000-8000-000000000429','72d9d8a0-0005-4000-8000-000000000069','A58 (8/256)','oppo-a58-8-256','629000.00','516000.00','{"ram":"8GB","storage":"256GB","color":"Dazzling Green","display":"6.72\\" FHD+"}',1,'2026-04-25 00:17:54','2026-04-25 00:17:54'),
('73d9d8a0-0042-4000-8000-00000000042a','72d9d8a0-0005-4000-8000-000000000069','A78 (8/256)','oppo-a78-8-256','729000.00','598000.00','{"ram":"8GB","storage":"256GB","color":"Mist Black","display":"6.43\\" AMOLED"}',1,'2026-04-25 00:17:54','2026-04-25 00:17:54'),
('73d9d8a0-0043-4000-8000-00000000042b','72d9d8a0-0005-4000-8000-000000000069','A59 5G (6/128)','oppo-a59-5g-6-128','549000.00','450000.00','{"ram":"6GB","storage":"128GB","color":"Silk Gold","display":"6.56\\" HD+"}',1,'2026-04-25 00:17:54','2026-04-25 00:17:54'),
('73d9d8a0-0044-4000-8000-00000000042c','72d9d8a0-0005-4000-8000-000000000069','F25 Pro 5G (8/128)','oppo-f25-pro-5g-8-128','699000.00','573000.00','{"ram":"8GB","storage":"128GB","color":"Ocean Blue","display":"6.7\\" AMOLED"}',1,'2026-04-25 00:17:54','2026-04-25 00:17:54'),
('73d9d8a0-0045-4000-8000-00000000042d','72d9d8a0-0005-4000-8000-000000000069','Reno 8 5G (8/256)','oppo-reno-8-5g-8-256','899000.00','737000.00','{"ram":"8GB","storage":"256GB","color":"Shimmer Gold","display":"6.4\\" AMOLED 90Hz"}',1,'2026-04-25 00:17:54','2026-04-25 00:17:54'),
('73d9d8a0-0046-4000-8000-00000000042e','72d9d8a0-0005-4000-8000-000000000069','A57 (6/128)','oppo-a57-6-128','429000.00','352000.00','{"ram":"6GB","storage":"128GB","color":"Glowing Green","display":"6.56\\" HD+"}',1,'2026-04-25 00:17:54','2026-04-25 00:17:54'),
('73d9d8a0-0047-4000-8000-00000000042f','72d9d8a0-0005-4000-8000-000000000069','F21 Pro (8/128)','oppo-f21-pro-8-128','649000.00','532000.00','{"ram":"8GB","storage":"128GB","color":"Sunset Orange","display":"6.43\\" AMOLED"}',1,'2026-04-25 00:17:54','2026-04-25 00:17:54'),
('73d9d8a0-0048-4000-8000-000000000430','72d9d8a0-0005-4000-8000-000000000069','Reno 7 (8/256)','oppo-reno-7-8-256','849000.00','696000.00','{"ram":"8GB","storage":"256GB","color":"Startrails Blue","display":"6.4\\" AMOLED 90Hz"}',1,'2026-04-25 00:17:54','2026-04-25 00:17:54'),
('73d9d8a0-0049-4000-8000-000000000431','72d9d8a0-0005-4000-8000-000000000069','A17 (4/64)','oppo-a17-4-64','319000.00','262000.00','{"ram":"4GB","storage":"64GB","color":"Lake Blue","display":"6.56\\" HD+"}',1,'2026-04-25 00:17:54','2026-04-25 00:17:54'),
('73d9d8a0-004a-4000-8000-000000000432','72d9d8a0-0005-4000-8000-000000000069','A77s (8/128)','oppo-a77s-8-128','559000.00','458000.00','{"ram":"8GB","storage":"128GB","color":"Sunset Orange","display":"6.56\\" HD+"}',1,'2026-04-25 00:17:54','2026-04-25 00:17:54'),
('73d9d8a0-004b-4000-8000-000000000433','72d9d8a0-0005-4000-8000-000000000069','Find X7 (16/512)','oppo-find-x7-16-512','2899000.00','2377000.00','{"ram":"16GB","storage":"512GB","color":"Tide Blue","display":"6.78\\" LTPO AMOLED"}',1,'2026-04-25 00:17:54','2026-04-25 00:17:54'),
('73d9d8a0-004c-4000-8000-000000000434','72d9d8a0-0006-4000-8000-00000000006a','V30e (8/256)','vivo-v30e-8-256','899000.00','737000.00','{"ram":"8GB","storage":"256GB","color":"Crystal Blue","display":"6.78\\" AMOLED 120Hz"}',1,'2026-04-25 00:17:54','2026-04-25 00:17:54'),
('73d9d8a0-004d-4000-8000-000000000435','72d9d8a0-0006-4000-8000-00000000006a','Y100 (8/256)','vivo-y100-8-256','649000.00','532000.00','{"ram":"8GB","storage":"256GB","color":"Metal Black","display":"6.67\\" AMOLED"}',1,'2026-04-25 00:17:54','2026-04-25 00:17:54'),
('73d9d8a0-004e-4000-8000-000000000436','72d9d8a0-0006-4000-8000-00000000006a','Y27 (6/128)','vivo-y27-6-128','459000.00','376000.00','{"ram":"6GB","storage":"128GB","color":"Sea Blue","display":"6.64\\" FHD+"}',1,'2026-04-25 00:17:54','2026-04-25 00:17:54'),
('73d9d8a0-004f-4000-8000-000000000437','72d9d8a0-0006-4000-8000-00000000006a','Y56 5G (8/128)','vivo-y56-5g-8-128','529000.00','434000.00','{"ram":"8GB","storage":"128GB","color":"Orange Shimmer","display":"6.58\\" FHD+"}',1,'2026-04-25 00:17:54','2026-04-25 00:17:54'),
('73d9d8a0-0050-4000-8000-000000000438','72d9d8a0-0006-4000-8000-00000000006a','X100 (16/512)','vivo-x100-16-512','2499000.00','2049000.00','{"ram":"16GB","storage":"512GB","color":"Asteroid Black","display":"6.78\\" LTPO AMOLED"}',1,'2026-04-25 00:17:54','2026-04-25 00:17:54'),
('73d9d8a0-0051-4000-8000-000000000439','72d9d8a0-0006-4000-8000-00000000006a','V29 (12/256)','vivo-v29-12-256','1199000.00','983000.00','{"ram":"12GB","storage":"256GB","color":"Peak Blue","display":"6.78\\" AMOLED 120Hz"}',1,'2026-04-25 00:17:54','2026-04-25 00:17:54'),
('73d9d8a0-0052-4000-8000-00000000043a','72d9d8a0-0006-4000-8000-00000000006a','T3 5G (8/128)','vivo-t3-5g-8-128','579000.00','475000.00','{"ram":"8GB","storage":"128GB","color":"Crystal Flake","display":"6.67\\" FHD+ 120Hz"}',1,'2026-04-25 00:17:54','2026-04-25 00:17:54'),
('73d9d8a0-0053-4000-8000-00000000043b','72d9d8a0-0006-4000-8000-00000000006a','Y36 (8/256)','vivo-y36-8-256','599000.00','491000.00','{"ram":"8GB","storage":"256GB","color":"Meteor Black","display":"6.64\\" FHD+"}',1,'2026-04-25 00:17:54','2026-04-25 00:17:54'),
('73d9d8a0-0054-4000-8000-00000000043c','72d9d8a0-0006-4000-8000-00000000006a','V27 (8/256)','vivo-v27-8-256','999000.00','819000.00','{"ram":"8GB","storage":"256GB","color":"Noble Black","display":"6.78\\" AMOLED 120Hz"}',1,'2026-04-25 00:17:54','2026-04-25 00:17:54'),
('73d9d8a0-0055-4000-8000-00000000043d','72d9d8a0-0006-4000-8000-00000000006a','Y200 (8/128)','vivo-y200-8-128','629000.00','516000.00','{"ram":"8GB","storage":"128GB","color":"Desert Gold","display":"6.67\\" AMOLED"}',1,'2026-04-25 00:17:54','2026-04-25 00:17:54'),
('73d9d8a0-0056-4000-8000-00000000043e','72d9d8a0-0006-4000-8000-00000000006a','Y18 (4/128)','vivo-y18-4-128','379000.00','311000.00','{"ram":"4GB","storage":"128GB","color":"Space Crystal","display":"6.56\\" HD+"}',1,'2026-04-25 00:17:54','2026-04-25 00:17:54'),
('73d9d8a0-0057-4000-8000-00000000043f','72d9d8a0-0006-4000-8000-00000000006a','T2x (8/128)','vivo-t2x-8-128','549000.00','450000.00','{"ram":"8GB","storage":"128GB","color":"Marine Blue","display":"6.58\\" FHD+"}',1,'2026-04-25 00:17:54','2026-04-25 00:17:54'),
('73d9d8a0-0058-4000-8000-000000000440','72d9d8a0-0006-4000-8000-00000000006a','Y16 (4/64)','vivo-y16-4-64','329000.00','270000.00','{"ram":"4GB","storage":"64GB","color":"Stellar Black","display":"6.51\\" HD+"}',1,'2026-04-25 00:17:54','2026-04-25 00:17:54'),
('73d9d8a0-0059-4000-8000-000000000441','72d9d8a0-0006-4000-8000-00000000006a','Y02t (4/64)','vivo-y02t-4-64','299000.00','245000.00','{"ram":"4GB","storage":"64GB","color":"Orchid Blue","display":"6.51\\" HD+"}',1,'2026-04-25 00:17:54','2026-04-25 00:17:54'),
('73d9d8a0-005a-4000-8000-000000000442','72d9d8a0-0006-4000-8000-00000000006a','V25 (8/256)','vivo-v25-8-256','849000.00','696000.00','{"ram":"8GB","storage":"256GB","color":"Aquatic Blue","display":"6.44\\" AMOLED 90Hz"}',1,'2026-04-25 00:17:54','2026-04-25 00:17:54'),
('73d9d8a0-005b-4000-8000-000000000443','72d9d8a0-0007-4000-8000-00000000006b','Redmi Note 13 (8/256)','xiaomi-redmi-note-13-8-256','699000.00','573000.00','{"ram":"8GB","storage":"256GB","color":"Ice Blue","display":"6.67\\" AMOLED 120Hz"}',1,'2026-04-25 00:17:54','2026-04-25 00:17:54'),
('73d9d8a0-005c-4000-8000-000000000444','72d9d8a0-0007-4000-8000-00000000006b','Redmi 13 (8/256)','xiaomi-redmi-13-8-256','549000.00','450000.00','{"ram":"8GB","storage":"256GB","color":"Pearl Pink","display":"6.79\\" FHD+"}',1,'2026-04-25 00:17:54','2026-04-25 00:17:54'),
('73d9d8a0-005d-4000-8000-000000000445','72d9d8a0-0007-4000-8000-00000000006b','Redmi 13C (8/256)','xiaomi-redmi-13c-8-256','479000.00','393000.00','{"ram":"8GB","storage":"256GB","color":"Navy Blue","display":"6.74\\" HD+"}',1,'2026-04-25 00:17:54','2026-04-25 00:17:54'),
('73d9d8a0-005e-4000-8000-000000000446','72d9d8a0-0007-4000-8000-00000000006b','Poco X6 (12/256)','xiaomi-poco-x6-12-256','899000.00','737000.00','{"ram":"12GB","storage":"256GB","color":"Snowstorm White","display":"6.67\\" AMOLED 120Hz"}',1,'2026-04-25 00:17:54','2026-04-25 00:17:54'),
('73d9d8a0-005f-4000-8000-000000000447','72d9d8a0-0007-4000-8000-00000000006b','Poco M6 (8/256)','xiaomi-poco-m6-8-256','629000.00','516000.00','{"ram":"8GB","storage":"256GB","color":"Black","display":"6.79\\" FHD+"}',1,'2026-04-25 00:17:54','2026-04-25 00:17:54'),
('73d9d8a0-0060-4000-8000-000000000448','72d9d8a0-0007-4000-8000-00000000006b','Redmi Note 13 Pro (8/256)','xiaomi-redmi-note-13-pro-8-256','949000.00','778000.00','{"ram":"8GB","storage":"256GB","color":"Forest Green","display":"6.67\\" AMOLED 120Hz"}',1,'2026-04-25 00:17:54','2026-04-25 00:17:54'),
('73d9d8a0-0061-4000-8000-000000000449','72d9d8a0-0007-4000-8000-00000000006b','Poco X6 Pro (12/512)','xiaomi-poco-x6-pro-12-512','1249000.00','1024000.00','{"ram":"12GB","storage":"512GB","color":"Yellow","display":"6.67\\" AMOLED 120Hz"}',1,'2026-04-25 00:17:54','2026-04-25 00:17:54'),
('73d9d8a0-0062-4000-8000-00000000044a','72d9d8a0-0007-4000-8000-00000000006b','Redmi A3 (4/128)','xiaomi-redmi-a3-4-128','299000.00','245000.00','{"ram":"4GB","storage":"128GB","color":"Midnight Black","display":"6.71\\" HD+"}',1,'2026-04-25 00:17:54','2026-04-25 00:17:54'),
('73d9d8a0-0063-4000-8000-00000000044b','72d9d8a0-0007-4000-8000-00000000006b','Redmi 12 (8/256)','xiaomi-redmi-12-8-256','519000.00','426000.00','{"ram":"8GB","storage":"256GB","color":"Polar Silver","display":"6.79\\" FHD+"}',1,'2026-04-25 00:17:54','2026-04-25 00:17:54'),
('73d9d8a0-0064-4000-8000-00000000044c','72d9d8a0-0007-4000-8000-00000000006b','Redmi Note 12 (6/128)','xiaomi-redmi-note-12-6-128','579000.00','475000.00','{"ram":"6GB","storage":"128GB","color":"Onyx Gray","display":"6.67\\" AMOLED"}',1,'2026-04-25 00:17:54','2026-04-25 00:17:54'),
('73d9d8a0-0065-4000-8000-00000000044d','72d9d8a0-0007-4000-8000-00000000006b','Poco C65 (8/256)','xiaomi-poco-c65-8-256','449000.00','368000.00','{"ram":"8GB","storage":"256GB","color":"Black","display":"6.74\\" HD+"}',1,'2026-04-25 00:17:54','2026-04-25 00:17:54'),
('73d9d8a0-0066-4000-8000-00000000044e','72d9d8a0-0007-4000-8000-00000000006b','Redmi 10 2022 (4/128)','xiaomi-redmi-10-2022-4-128','389000.00','319000.00','{"ram":"4GB","storage":"128GB","color":"Sea Blue","display":"6.5\\" FHD+"}',1,'2026-04-25 00:17:54','2026-04-25 00:17:54'),
('73d9d8a0-0067-4000-8000-00000000044f','72d9d8a0-0007-4000-8000-00000000006b','Redmi 12C (4/128)','xiaomi-redmi-12c-4-128','359000.00','294000.00','{"ram":"4GB","storage":"128GB","color":"Graphite Gray","display":"6.71\\" HD+"}',1,'2026-04-25 00:17:54','2026-04-25 00:17:54'),
('73d9d8a0-0068-4000-8000-000000000450','72d9d8a0-0007-4000-8000-00000000006b','Poco F5 (12/256)','xiaomi-poco-f5-12-256','1399000.00','1147000.00','{"ram":"12GB","storage":"256GB","color":"Snowstorm White","display":"6.67\\" AMOLED 120Hz"}',1,'2026-04-25 00:17:54','2026-04-25 00:17:54'),
('73d9d8a0-0069-4000-8000-000000000451','72d9d8a0-0007-4000-8000-00000000006b','Mi 13T (8/256)','xiaomi-mi-13t-8-256','1599000.00','1311000.00','{"ram":"8GB","storage":"256GB","color":"Meadow Green","display":"6.67\\" AMOLED 144Hz"}',1,'2026-04-25 00:17:54','2026-04-25 00:17:54'),
('73d9d8a0-006a-4000-8000-000000000452','72d9d8a0-0008-4000-8000-00000000006c','12 5G (8/256)','realme-12-5g-8-256','799000.00','655000.00','{"ram":"8GB","storage":"256GB","color":"Navigator Beige","display":"6.67\\" FHD+ 120Hz"}',1,'2026-04-25 00:17:54','2026-04-25 00:17:54'),
('73d9d8a0-006b-4000-8000-000000000453','72d9d8a0-0008-4000-8000-00000000006c','11 (8/256)','realme-11-8-256','649000.00','532000.00','{"ram":"8GB","storage":"256GB","color":"Glory Gold","display":"6.72\\" FHD+"}',1,'2026-04-25 00:17:54','2026-04-25 00:17:54'),
('73d9d8a0-006c-4000-8000-000000000454','72d9d8a0-0008-4000-8000-00000000006c','C67 (8/256)','realme-c67-8-256','429000.00','352000.00','{"ram":"8GB","storage":"256GB","color":"Sunny Oasis","display":"6.72\\" HD+"}',1,'2026-04-25 00:17:54','2026-04-25 00:17:54'),
('73d9d8a0-006d-4000-8000-000000000455','72d9d8a0-0008-4000-8000-00000000006c','C55 (8/256)','realme-c55-8-256','399000.00','327000.00','{"ram":"8GB","storage":"256GB","color":"Rainy Night","display":"6.72\\" FHD+"}',1,'2026-04-25 00:17:54','2026-04-25 00:17:54'),
('73d9d8a0-006e-4000-8000-000000000456','72d9d8a0-0008-4000-8000-00000000006c','C53 (6/128)','realme-c53-6-128','349000.00','286000.00','{"ram":"6GB","storage":"128GB","color":"Champion Gold","display":"6.74\\" HD+"}',1,'2026-04-25 00:17:54','2026-04-25 00:17:54'),
('73d9d8a0-006f-4000-8000-000000000457','72d9d8a0-0008-4000-8000-00000000006c','Narzo 70 (8/256)','realme-narzo-70-8-256','589000.00','483000.00','{"ram":"8GB","storage":"256GB","color":"Ice Blue","display":"6.72\\" FHD+"}',1,'2026-04-25 00:17:54','2026-04-25 00:17:54'),
('73d9d8a0-0070-4000-8000-000000000458','72d9d8a0-0008-4000-8000-00000000006c','10 Pro+ (8/256)','realme-10-pro-plus-8-256','729000.00','598000.00','{"ram":"8GB","storage":"256GB","color":"Hyperspace","display":"6.7\\" Curved AMOLED"}',1,'2026-04-25 00:17:54','2026-04-25 00:17:54'),
('73d9d8a0-0071-4000-8000-000000000459','72d9d8a0-0008-4000-8000-00000000006c','GT Neo 3 (12/256)','realme-gt-neo-3-12-256','999000.00','819000.00','{"ram":"12GB","storage":"256GB","color":"Sprint White","display":"6.7\\" AMOLED 120Hz"}',1,'2026-04-25 00:17:54','2026-04-25 00:17:54'),
('73d9d8a0-0072-4000-8000-00000000045a','72d9d8a0-0008-4000-8000-00000000006c','9i (6/128)','realme-9i-6-128','459000.00','376000.00','{"ram":"6GB","storage":"128GB","color":"Laser Black","display":"6.6\\" FHD+"}',1,'2026-04-25 00:17:54','2026-04-25 00:17:54'),
('73d9d8a0-0073-4000-8000-00000000045b','72d9d8a0-0008-4000-8000-00000000006c','C51 (4/128)','realme-c51-4-128','329000.00','270000.00','{"ram":"4GB","storage":"128GB","color":"Mint Green","display":"6.74\\" HD+"}',1,'2026-04-25 00:17:54','2026-04-25 00:17:54'),
('73d9d8a0-0074-4000-8000-00000000045c','72d9d8a0-0008-4000-8000-00000000006c','Narzo 60x (6/128)','realme-narzo-60x-6-128','419000.00','344000.00','{"ram":"6GB","storage":"128GB","color":"Stellar Green","display":"6.72\\" FHD+"}',1,'2026-04-25 00:17:54','2026-04-25 00:17:54'),
('73d9d8a0-0075-4000-8000-00000000045d','72d9d8a0-0008-4000-8000-00000000006c','8i (6/128)','realme-8i-6-128','389000.00','319000.00','{"ram":"6GB","storage":"128GB","color":"Space Black","display":"6.6\\" FHD+ 120Hz"}',1,'2026-04-25 00:17:54','2026-04-25 00:17:54'),
('73d9d8a0-0076-4000-8000-00000000045e','72d9d8a0-0008-4000-8000-00000000006c','C33 (4/128)','realme-c33-4-128','319000.00','262000.00','{"ram":"4GB","storage":"128GB","color":"Aqua Blue","display":"6.5\\" HD+"}',1,'2026-04-25 00:17:54','2026-04-25 00:17:54'),
('73d9d8a0-0077-4000-8000-00000000045f','72d9d8a0-0008-4000-8000-00000000006c','7i (4/128)','realme-7i-4-128','359000.00','294000.00','{"ram":"4GB","storage":"128GB","color":"Fusion Green","display":"6.5\\" HD+"}',1,'2026-04-25 00:17:54','2026-04-25 00:17:54'),
('73d9d8a0-0078-4000-8000-000000000460','72d9d8a0-0008-4000-8000-00000000006c','GT 2 (12/256)','realme-gt-2-12-256','1199000.00','983000.00','{"ram":"12GB","storage":"256GB","color":"Paper White","display":"6.62\\" AMOLED 120Hz"}',1,'2026-04-25 00:17:54','2026-04-25 00:17:54'),
('73d9d8a0-0079-4000-8000-000000000461','72d9d8a0-0009-4000-8000-00000000006d','G42 5G (6/128)','nokia-g42-5g-6-128','549000.00','450000.00','{"ram":"6GB","storage":"128GB","color":"So Purple","display":"6.56\\" HD+ 90Hz"}',1,'2026-04-25 00:17:54','2026-04-25 00:17:54'),
('73d9d8a0-007a-4000-8000-000000000462','72d9d8a0-0009-4000-8000-00000000006d','G60 5G (6/128)','nokia-g60-5g-6-128','629000.00','516000.00','{"ram":"6GB","storage":"128GB","color":"Black","display":"6.58\\" FHD+ 120Hz"}',1,'2026-04-25 00:17:54','2026-04-25 00:17:54'),
('73d9d8a0-007b-4000-8000-000000000463','72d9d8a0-0009-4000-8000-00000000006d','G50 (4/128)','nokia-g50-4-128','479000.00','393000.00','{"ram":"4GB","storage":"128GB","color":"Midnight Sun","display":"6.82\\" HD+"}',1,'2026-04-25 00:17:54','2026-04-25 00:17:54'),
('73d9d8a0-007c-4000-8000-000000000464','72d9d8a0-0009-4000-8000-00000000006d','X30 (8/256)','nokia-x30-8-256','899000.00','737000.00','{"ram":"8GB","storage":"256GB","color":"Cloudy Blue","display":"6.43\\" AMOLED 90Hz"}',1,'2026-04-25 00:17:54','2026-04-25 00:17:54'),
('73d9d8a0-007d-4000-8000-000000000465','72d9d8a0-0009-4000-8000-00000000006d','C32 (4/64)','nokia-c32-4-64','279000.00','229000.00','{"ram":"4GB","storage":"64GB","color":"Beach Pink","display":"6.5\\" HD+"}',1,'2026-04-25 00:17:54','2026-04-25 00:17:54'),
('73d9d8a0-007e-4000-8000-000000000466','72d9d8a0-0009-4000-8000-00000000006d','C12 (2/64)','nokia-c12-2-64','229000.00','188000.00','{"ram":"2GB","storage":"64GB","color":"Charcoal","display":"6.3\\" HD+"}',1,'2026-04-25 00:17:54','2026-04-25 00:17:54'),
('73d9d8a0-007f-4000-8000-000000000467','72d9d8a0-0009-4000-8000-00000000006d','G21 (4/64)','nokia-g21-4-64','349000.00','286000.00','{"ram":"4GB","storage":"64GB","color":"Nordic Blue","display":"6.5\\" HD+"}',1,'2026-04-25 00:17:54','2026-04-25 00:17:54'),
('73d9d8a0-0080-4000-8000-000000000468','72d9d8a0-0009-4000-8000-00000000006d','G20 (4/64)','nokia-g20-4-64','329000.00','270000.00','{"ram":"4GB","storage":"64GB","color":"Night","display":"6.52\\" HD+"}',1,'2026-04-25 00:17:54','2026-04-25 00:17:54'),
('73d9d8a0-0081-4000-8000-000000000469','72d9d8a0-0009-4000-8000-00000000006d','C22 (3/64)','nokia-c22-3-64','259000.00','212000.00','{"ram":"3GB","storage":"64GB","color":"Midnight Black","display":"6.5\\" HD+"}',1,'2026-04-25 00:17:54','2026-04-25 00:17:54'),
('73d9d8a0-0082-4000-8000-00000000046a','72d9d8a0-0009-4000-8000-00000000006d','X20 (8/128)','nokia-x20-8-128','749000.00','614000.00','{"ram":"8GB","storage":"128GB","color":"Midnight Sun","display":"6.67\\" FHD+"}',1,'2026-04-25 00:17:54','2026-04-25 00:17:54'),
('73d9d8a0-0083-4000-8000-00000000046b','72d9d8a0-0009-4000-8000-00000000006d','G11 Plus (4/64)','nokia-g11-plus-4-64','319000.00','262000.00','{"ram":"4GB","storage":"64GB","color":"Lake Blue","display":"6.52\\" HD+"}',1,'2026-04-25 00:17:54','2026-04-25 00:17:54'),
('73d9d8a0-0084-4000-8000-00000000046c','72d9d8a0-0009-4000-8000-00000000006d','C31 (4/64)','nokia-c31-4-64','299000.00','245000.00','{"ram":"4GB","storage":"64GB","color":"Cyan","display":"6.75\\" HD+"}',1,'2026-04-25 00:17:54','2026-04-25 00:17:54'),
('73d9d8a0-0085-4000-8000-00000000046d','72d9d8a0-0009-4000-8000-00000000006d','G10 (4/64)','nokia-g10-4-64','309000.00','253000.00','{"ram":"4GB","storage":"64GB","color":"Night","display":"6.52\\" HD+"}',1,'2026-04-25 00:17:54','2026-04-25 00:17:54'),
('73d9d8a0-0086-4000-8000-00000000046e','72d9d8a0-0009-4000-8000-00000000006d','2660 Flip 4G','nokia-2660-flip-4g','189000.00','155000.00','{"ram":"48MB","storage":"128MB","color":"Black","display":"2.8\\u0022 dual display"}',1,'2026-04-25 00:17:54','2026-04-25 00:17:54'),
('73d9d8a0-0087-4000-8000-00000000046f','72d9d8a0-0009-4000-8000-00000000006d','8210 4G','nokia-8210-4g','169000.00','139000.00','{"ram":"48MB","storage":"128MB","color":"Sand","display":"2.8\\u0022 QVGA"}',1,'2026-04-25 00:17:54','2026-04-25 00:17:54'),
('73d9d8a0-0088-4000-8000-000000000470','72d9d8a0-000a-4000-8000-00000000006e','nova 12i (8/256)','huawei-nova-12i-8-256','899000.00','737000.00','{"ram":"8GB","storage":"256GB","color":"Green","display":"6.7\\" FHD+ LCD"}',1,'2026-04-25 00:17:54','2026-04-25 00:17:54'),
('73d9d8a0-0089-4000-8000-000000000471','72d9d8a0-000a-4000-8000-00000000006e','nova 12s (8/256)','huawei-nova-12s-8-256','1149000.00','942000.00','{"ram":"8GB","storage":"256GB","color":"White","display":"6.7\\" OLED 120Hz"}',1,'2026-04-25 00:17:54','2026-04-25 00:17:54'),
('73d9d8a0-008a-4000-8000-000000000472','72d9d8a0-000a-4000-8000-00000000006e','nova 11 Pro (8/256)','huawei-nova-11-pro-8-256','1049000.00','860000.00','{"ram":"8GB","storage":"256GB","color":"Green","display":"6.78\\" OLED 120Hz"}',1,'2026-04-25 00:17:54','2026-04-25 00:17:54'),
('73d9d8a0-008b-4000-8000-000000000473','72d9d8a0-000a-4000-8000-00000000006e','nova 9 SE (8/128)','huawei-nova-9-se-8-128','649000.00','532000.00','{"ram":"8GB","storage":"128GB","color":"Crystal Blue","display":"6.78\\" FHD+ LCD"}',1,'2026-04-25 00:17:54','2026-04-25 00:17:54'),
('73d9d8a0-008c-4000-8000-000000000474','72d9d8a0-000a-4000-8000-00000000006e','nova 8i (8/128)','huawei-nova-8i-8-128','579000.00','475000.00','{"ram":"8GB","storage":"128GB","color":"Moonlight Silver","display":"6.67\\" FHD+"}',1,'2026-04-25 00:17:54','2026-04-25 00:17:54'),
('73d9d8a0-008d-4000-8000-000000000475','72d9d8a0-000a-4000-8000-00000000006e','Enjoy 70z (8/256)','huawei-enjoy-70z-8-256','729000.00','598000.00','{"ram":"8GB","storage":"256GB","color":"Green","display":"6.75\\" HD+"}',1,'2026-04-25 00:17:54','2026-04-25 00:17:54'),
('73d9d8a0-008e-4000-8000-000000000476','72d9d8a0-000a-4000-8000-00000000006e','Enjoy 60X (8/128)','huawei-enjoy-60x-8-128','559000.00','458000.00','{"ram":"8GB","storage":"128GB","color":"Green","display":"6.95\\" FHD+"}',1,'2026-04-25 00:17:54','2026-04-25 00:17:54'),
('73d9d8a0-008f-4000-8000-000000000477','72d9d8a0-000a-4000-8000-00000000006e','nova Y91 (8/256)','huawei-nova-y91-8-256','799000.00','655000.00','{"ram":"8GB","storage":"256GB","color":"Black","display":"6.95\\" FHD+"}',1,'2026-04-25 00:17:54','2026-04-25 00:17:54'),
('73d9d8a0-0090-4000-8000-000000000478','72d9d8a0-000a-4000-8000-00000000006e','nova Y72 (8/256)','huawei-nova-y72-8-256','689000.00','565000.00','{"ram":"8GB","storage":"256GB","color":"Green","display":"6.75\\" HD+"}',1,'2026-04-25 00:17:54','2026-04-25 00:17:54'),
('73d9d8a0-0091-4000-8000-000000000479','72d9d8a0-000a-4000-8000-00000000006e','P Smart 2021 (4/128)','huawei-p-smart-2021-4-128','429000.00','352000.00','{"ram":"4GB","storage":"128GB","color":"Crush Green","display":"6.67\\" FHD+"}',1,'2026-04-25 00:17:54','2026-04-25 00:17:54'),
('73d9d8a0-0092-4000-8000-00000000047a','72d9d8a0-000a-4000-8000-00000000006e','Y9s (6/128)','huawei-y9s-6-128','499000.00','409000.00','{"ram":"6GB","storage":"128GB","color":"Breathing Crystal","display":"6.59\\" FHD+"}',1,'2026-04-25 00:17:54','2026-04-25 00:17:54'),
('73d9d8a0-0093-4000-8000-00000000047b','72d9d8a0-000a-4000-8000-00000000006e','Y7p (4/64)','huawei-y7p-4-64','359000.00','294000.00','{"ram":"4GB","storage":"64GB","color":"Midnight Black","display":"6.39\\" HD+"}',1,'2026-04-25 00:17:54','2026-04-25 00:17:54'),
('73d9d8a0-0094-4000-8000-00000000047c','72d9d8a0-000a-4000-8000-00000000006e','Y6p (4/64)','huawei-y6p-4-64','339000.00','278000.00','{"ram":"4GB","storage":"64GB","color":"Phantom Purple","display":"6.3\\" HD+"}',1,'2026-04-25 00:17:54','2026-04-25 00:17:54'),
('73d9d8a0-0095-4000-8000-00000000047d','72d9d8a0-000a-4000-8000-00000000006e','P40 lite (6/128)','huawei-p40-lite-6-128','749000.00','614000.00','{"ram":"6GB","storage":"128GB","color":"Sakura Pink","display":"6.4\\" FHD+"}',1,'2026-04-25 00:17:54','2026-04-25 00:17:54'),
('73d9d8a0-0096-4000-8000-00000000047e','72d9d8a0-000a-4000-8000-00000000006e','Mate 50 (8/256)','huawei-mate-50-8-256','2199000.00','1803000.00','{"ram":"8GB","storage":"256GB","color":"Silver","display":"6.7\\" OLED 90Hz"}',1,'2026-04-25 00:17:54','2026-04-25 00:17:54');

-- ---------------------------------------------------------------- users
INSERT INTO `users` (`id`, `dealer_id`, `joined_at`, `role`, `name`, `email`, `phone`, `employee_code`, `is_active`, `email_verified_at`, `password`, `two_factor_secret`, `two_factor_recovery_codes`, `two_factor_confirmed_at`, `remember_token`, `created_at`, `updated_at`, `avatar_url`) VALUES
('74d9d8a0-0001-4000-8000-000000000001',NULL,'2026-01-01','admin','Msimamizi Mkuu (Demo)','sql.superadmin@opticedgecredity.com','+255 700 900 001','EMP-DMO-ADM-01',1,'2026-04-25 00:17:54','$2y$12$BzY58AAGGMvS/NO0xWFosOPl8TA.ERLLtiODBPkXQ7.LwRxyYlHya',NULL,NULL,NULL,NULL,'2026-04-25 00:17:54','2026-04-25 00:17:54',NULL),
('74d9d8a0-0002-4000-8000-000000000002',NULL,'2026-01-01','admin','Msimamizi Operesheni (Demo)','sql.opsadmin@opticedgecredity.com','+255 700 900 002','EMP-DMO-ADM-02',1,'2026-04-25 00:17:54','$2y$12$BzY58AAGGMvS/NO0xWFosOPl8TA.ERLLtiODBPkXQ7.LwRxyYlHya',NULL,NULL,NULL,NULL,'2026-04-25 00:17:54','2026-04-25 00:17:54',NULL),
('74d9d8a0-0003-4000-8000-000000000003',NULL,'2026-01-01','admin','Msimamizi Fedha (Demo)','sql.finance@opticedgecredity.com','+255 700 900 003','EMP-DMO-ADM-03',1,'2026-04-25 00:17:54','$2y$12$BzY58AAGGMvS/NO0xWFosOPl8TA.ERLLtiODBPkXQ7.LwRxyYlHya',NULL,NULL,NULL,NULL,'2026-04-25 00:17:54','2026-04-25 00:17:54',NULL),
('75d9d8a0-0001-4000-8000-0000000007d1','71d9d8a0-0001-4000-8000-000000000001','2026-01-01','owner','Mwenye Simu Kitaa Express','owner.dmo-tz-01@opticedgecredity.com','+255 763 200001','EMP-DMO-OWN-001',1,'2026-04-25 00:17:54','$2y$12$ZWvO4ZaLA/8V4ipvc/ezC.Qgi0PAIAtdhPgQacTyyP0DznUNDLlCa',NULL,NULL,NULL,NULL,'2026-04-25 00:17:54','2026-04-25 00:17:54',NULL),
('75d9d8a0-0002-4000-8000-0000000007d2','71d9d8a0-0002-4000-8000-000000000002','2026-01-01','owner','Mwenye Mawasiliano Plaza','owner.dmo-tz-02@opticedgecredity.com','+255 763 200002','EMP-DMO-OWN-002',1,'2026-04-25 00:17:54','$2y$12$ZWvO4ZaLA/8V4ipvc/ezC.Qgi0PAIAtdhPgQacTyyP0DznUNDLlCa',NULL,NULL,NULL,NULL,'2026-04-25 00:17:54','2026-04-25 00:17:54',NULL),
('75d9d8a0-0003-4000-8000-0000000007d3','71d9d8a0-0003-4000-8000-000000000003','2026-01-01','owner','Mwenye Simu Smart Temeke','owner.dmo-tz-03@opticedgecredity.com','+255 763 200003','EMP-DMO-OWN-003',1,'2026-04-25 00:17:54','$2y$12$ZWvO4ZaLA/8V4ipvc/ezC.Qgi0PAIAtdhPgQacTyyP0DznUNDLlCa',NULL,NULL,NULL,NULL,'2026-04-25 00:17:54','2026-04-25 00:17:54',NULL),
('75d9d8a0-0004-4000-8000-0000000007d4','71d9d8a0-0004-4000-8000-000000000004','2026-01-01','owner','Mwenye Agakuki Mobile World','owner.dmo-tz-04@opticedgecredity.com','+255 763 200004','EMP-DMO-OWN-004',1,'2026-04-25 00:17:54','$2y$12$ZWvO4ZaLA/8V4ipvc/ezC.Qgi0PAIAtdhPgQacTyyP0DznUNDLlCa',NULL,NULL,NULL,NULL,'2026-04-25 00:17:54','2026-04-25 00:17:54',NULL),
('75d9d8a0-0005-4000-8000-0000000007d5','71d9d8a0-0005-4000-8000-000000000005','2026-01-01','owner','Mwenye Karibu Simu Shop','owner.dmo-tz-05@opticedgecredity.com','+255 763 200005','EMP-DMO-OWN-005',1,'2026-04-25 00:17:54','$2y$12$ZWvO4ZaLA/8V4ipvc/ezC.Qgi0PAIAtdhPgQacTyyP0DznUNDLlCa',NULL,NULL,NULL,NULL,'2026-04-25 00:17:54','2026-04-25 00:17:54',NULL),
('75d9d8a0-0006-4000-8000-0000000007d6','71d9d8a0-0006-4000-8000-000000000006','2026-01-01','owner','Mwenye Pembeni Tech Corner','owner.dmo-tz-06@opticedgecredity.com','+255 763 200006','EMP-DMO-OWN-006',1,'2026-04-25 00:17:54','$2y$12$ZWvO4ZaLA/8V4ipvc/ezC.Qgi0PAIAtdhPgQacTyyP0DznUNDLlCa',NULL,NULL,NULL,NULL,'2026-04-25 00:17:54','2026-04-25 00:17:54',NULL),
('75d9d8a0-0007-4000-8000-0000000007d7','71d9d8a0-0007-4000-8000-000000000007','2026-01-01','owner','Mwenye Dar Fast Mobile','owner.dmo-tz-07@opticedgecredity.com','+255 763 200007','EMP-DMO-OWN-007',1,'2026-04-25 00:17:54','$2y$12$ZWvO4ZaLA/8V4ipvc/ezC.Qgi0PAIAtdhPgQacTyyP0DznUNDLlCa',NULL,NULL,NULL,NULL,'2026-04-25 00:17:54','2026-04-25 00:17:54',NULL),
('75d9d8a0-0008-4000-8000-0000000007d8','71d9d8a0-0008-4000-8000-000000000008','2026-01-01','owner','Mwenye Nuru Communications','owner.dmo-tz-08@opticedgecredity.com','+255 763 200008','EMP-DMO-OWN-008',1,'2026-04-25 00:17:54','$2y$12$ZWvO4ZaLA/8V4ipvc/ezC.Qgi0PAIAtdhPgQacTyyP0DznUNDLlCa',NULL,NULL,NULL,NULL,'2026-04-25 00:17:54','2026-04-25 00:17:54',NULL),
('75d9d8a0-0009-4000-8000-0000000007d9','71d9d8a0-0009-4000-8000-000000000009','2026-01-01','owner','Mwenye Twiga Phones Mikocheni','owner.dmo-tz-09@opticedgecredity.com','+255 763 200009','EMP-DMO-OWN-009',1,'2026-04-25 00:17:54','$2y$12$ZWvO4ZaLA/8V4ipvc/ezC.Qgi0PAIAtdhPgQacTyyP0DznUNDLlCa',NULL,NULL,NULL,NULL,'2026-04-25 00:17:54','2026-04-25 00:17:54',NULL),
('75d9d8a0-000a-4000-8000-0000000007da','71d9d8a0-000a-4000-8000-00000000000a','2026-01-01','owner','Mwenye Bahari Electronics','owner.dmo-tz-10@opticedgecredity.com','+255 763 200010','EMP-DMO-OWN-010',1,'2026-04-25 00:17:54','$2y$12$ZWvO4ZaLA/8V4ipvc/ezC.Qgi0PAIAtdhPgQacTyyP0DznUNDLlCa',NULL,NULL,NULL,NULL,'2026-04-25 00:17:54','2026-04-25 00:17:54',NULL),
('75d9d8a0-000b-4000-8000-0000000007db','71d9d8a0-000b-4000-8000-00000000000b','2026-01-01','owner','Mwenye Jua Kali Mobile Chanika','owner.dmo-tz-11@opticedgecredity.com','+255 763 200011','EMP-DMO-OWN-011',1,'2026-04-25 00:17:54','$2y$12$ZWvO4ZaLA/8V4ipvc/ezC.Qgi0PAIAtdhPgQacTyyP0DznUNDLlCa',NULL,NULL,NULL,NULL,'2026-04-25 00:17:54','2026-04-25 00:17:54',NULL),
('75d9d8a0-000c-4000-8000-0000000007dc','71d9d8a0-000c-4000-8000-00000000000c','2026-01-01','owner','Mwenye Mlimani Phone Hub','owner.dmo-tz-12@opticedgecredity.com','+255 763 200012','EMP-DMO-OWN-012',1,'2026-04-25 00:17:54','$2y$12$ZWvO4ZaLA/8V4ipvc/ezC.Qgi0PAIAtdhPgQacTyyP0DznUNDLlCa',NULL,NULL,NULL,NULL,'2026-04-25 00:17:54','2026-04-25 00:17:54',NULL),
('75d9d8a0-000d-4000-8000-0000000007dd','71d9d8a0-000d-4000-8000-00000000000d','2026-01-01','owner','Mwenye Simu Bora Kijitonyama','owner.dmo-tz-13@opticedgecredity.com','+255 763 200013','EMP-DMO-OWN-013',1,'2026-04-25 00:17:54','$2y$12$ZWvO4ZaLA/8V4ipvc/ezC.Qgi0PAIAtdhPgQacTyyP0DznUNDLlCa',NULL,NULL,NULL,NULL,'2026-04-25 00:17:54','2026-04-25 00:17:54',NULL),
('75d9d8a0-000e-4000-8000-0000000007de','71d9d8a0-000e-4000-8000-00000000000e','2026-01-01','owner','Mwenye Makumbusho Mobile Centre','owner.dmo-tz-14@opticedgecredity.com','+255 763 200014','EMP-DMO-OWN-014',1,'2026-04-25 00:17:54','$2y$12$ZWvO4ZaLA/8V4ipvc/ezC.Qgi0PAIAtdhPgQacTyyP0DznUNDLlCa',NULL,NULL,NULL,NULL,'2026-04-25 00:17:54','2026-04-25 00:17:54',NULL),
('75d9d8a0-000f-4000-8000-0000000007df','71d9d8a0-000f-4000-8000-00000000000f','2026-01-01','owner','Mwenye Vikokotoni Digital Store','owner.dmo-tz-15@opticedgecredity.com','+255 763 200015','EMP-DMO-OWN-015',1,'2026-04-25 00:17:54','$2y$12$ZWvO4ZaLA/8V4ipvc/ezC.Qgi0PAIAtdhPgQacTyyP0DznUNDLlCa',NULL,NULL,NULL,NULL,'2026-04-25 00:17:54','2026-04-25 00:17:54',NULL)
ON DUPLICATE KEY UPDATE
  `dealer_id` = VALUES(`dealer_id`),
  `joined_at` = VALUES(`joined_at`),
  `role` = VALUES(`role`),
  `name` = VALUES(`name`),
  `phone` = VALUES(`phone`),
  `employee_code` = VALUES(`employee_code`),
  `is_active` = VALUES(`is_active`),
  `email_verified_at` = VALUES(`email_verified_at`),
  `password` = VALUES(`password`),
  `two_factor_secret` = VALUES(`two_factor_secret`),
  `two_factor_recovery_codes` = VALUES(`two_factor_recovery_codes`),
  `two_factor_confirmed_at` = VALUES(`two_factor_confirmed_at`),
  `remember_token` = VALUES(`remember_token`),
  `updated_at` = VALUES(`updated_at`),
  `avatar_url` = VALUES(`avatar_url`);

UPDATE `dealers` SET `owner_user_id` = (SELECT `id` FROM `users` WHERE `email` = 'owner.dmo-tz-01@opticedgecredity.com' LIMIT 1) WHERE `code` = 'DMO-TZ-001';
UPDATE `dealers` SET `owner_user_id` = (SELECT `id` FROM `users` WHERE `email` = 'owner.dmo-tz-02@opticedgecredity.com' LIMIT 1) WHERE `code` = 'DMO-TZ-002';
UPDATE `dealers` SET `owner_user_id` = (SELECT `id` FROM `users` WHERE `email` = 'owner.dmo-tz-03@opticedgecredity.com' LIMIT 1) WHERE `code` = 'DMO-TZ-003';
UPDATE `dealers` SET `owner_user_id` = (SELECT `id` FROM `users` WHERE `email` = 'owner.dmo-tz-04@opticedgecredity.com' LIMIT 1) WHERE `code` = 'DMO-TZ-004';
UPDATE `dealers` SET `owner_user_id` = (SELECT `id` FROM `users` WHERE `email` = 'owner.dmo-tz-05@opticedgecredity.com' LIMIT 1) WHERE `code` = 'DMO-TZ-005';
UPDATE `dealers` SET `owner_user_id` = (SELECT `id` FROM `users` WHERE `email` = 'owner.dmo-tz-06@opticedgecredity.com' LIMIT 1) WHERE `code` = 'DMO-TZ-006';
UPDATE `dealers` SET `owner_user_id` = (SELECT `id` FROM `users` WHERE `email` = 'owner.dmo-tz-07@opticedgecredity.com' LIMIT 1) WHERE `code` = 'DMO-TZ-007';
UPDATE `dealers` SET `owner_user_id` = (SELECT `id` FROM `users` WHERE `email` = 'owner.dmo-tz-08@opticedgecredity.com' LIMIT 1) WHERE `code` = 'DMO-TZ-008';
UPDATE `dealers` SET `owner_user_id` = (SELECT `id` FROM `users` WHERE `email` = 'owner.dmo-tz-09@opticedgecredity.com' LIMIT 1) WHERE `code` = 'DMO-TZ-009';
UPDATE `dealers` SET `owner_user_id` = (SELECT `id` FROM `users` WHERE `email` = 'owner.dmo-tz-10@opticedgecredity.com' LIMIT 1) WHERE `code` = 'DMO-TZ-010';
UPDATE `dealers` SET `owner_user_id` = (SELECT `id` FROM `users` WHERE `email` = 'owner.dmo-tz-11@opticedgecredity.com' LIMIT 1) WHERE `code` = 'DMO-TZ-011';
UPDATE `dealers` SET `owner_user_id` = (SELECT `id` FROM `users` WHERE `email` = 'owner.dmo-tz-12@opticedgecredity.com' LIMIT 1) WHERE `code` = 'DMO-TZ-012';
UPDATE `dealers` SET `owner_user_id` = (SELECT `id` FROM `users` WHERE `email` = 'owner.dmo-tz-13@opticedgecredity.com' LIMIT 1) WHERE `code` = 'DMO-TZ-013';
UPDATE `dealers` SET `owner_user_id` = (SELECT `id` FROM `users` WHERE `email` = 'owner.dmo-tz-14@opticedgecredity.com' LIMIT 1) WHERE `code` = 'DMO-TZ-014';
UPDATE `dealers` SET `owner_user_id` = (SELECT `id` FROM `users` WHERE `email` = 'owner.dmo-tz-15@opticedgecredity.com' LIMIT 1) WHERE `code` = 'DMO-TZ-015';

INSERT IGNORE INTO `model_has_roles` (`role_id`, `model_type`, `model_uuid`)
SELECT r.`id`, 'App\\Models\\User', u.`id` FROM `roles` r CROSS JOIN `users` u
WHERE r.`name` = 'admin' AND r.`guard_name` = 'web'
AND u.`email` IN ('sql.superadmin@opticedgecredity.com','sql.opsadmin@opticedgecredity.com','sql.finance@opticedgecredity.com');

INSERT IGNORE INTO `model_has_roles` (`role_id`, `model_type`, `model_uuid`)
SELECT r.`id`, 'App\\Models\\User', u.`id` FROM `roles` r CROSS JOIN `users` u
WHERE r.`name` = 'owner' AND r.`guard_name` = 'web'
AND u.`email` LIKE 'owner.dmo-tz-%@opticedgecredity.com';

SET FOREIGN_KEY_CHECKS=1;

-- Admins: sql.superadmin@ / sql.opsadmin@ / sql.finance@ — Opticedge@2026
-- Owners: owner.dmo-tz-01@ … owner.dmo-tz-15@ — DealerOwner@2026